Ordem,Origem,Nome
1,MP,Luiz Antonio de Godoy
2,C,João Carlos Saletti
3,C,Francisco Antonio Casconi
4,C,Renato Sandreschi Sartorelli
5,C,Ademir de Carvalho Benedito
6,C,Antonio José Silveira Paulilo
7,C,Artur Marques da Silva Filho
8,C,Everaldo de Melo Colombi
9,C,Paulo Miguel de Campos Petroni
10,C,Gastão Toledo de Campos Mello Filho
11,C,Tarcísio Ferreira Vianna Cotrim
12,C,Manuel Matheus Fontes
13,C,Eros Piceli
14,C,Itamar Gaino
15,C,José Benedito Franco de Godoi
16,C,Carlos Alberto Lopes
17,C,Fernando Melo Bueno Filho
18,C,Manoel de Queiroz Pereira Calças
19,C,Antonio Carlos Mathias Coltro
20,C,Celso José Pimentel
21,C,Luiz Augusto Gomes Varjão
22,C,Ruy Coppola
23,C,Álvaro Torres Júnior
24,C,Luiz Correia Lima
25,C,Luis Carlos de Barros
26,C,Reinaldo Felipe Ferreira
27,C,Roque Antonio Mesquita de Oliveira
28,C,José Roberto Lino Machado
29,MP,Paulo Celso Ayrosa Monteiro de Andrade
30,ADV,Nestor Duarte
31,C,Kioitsi Chicuta
32,MP,José Marcos Marrone
33,C,José Araldo da Costa Telles
34,C,Antonio Rigolin
35,C,Sebastião Flávio da Silva Filho
36,C,Carlos Alberto Russo
37,C,Carlos Alberto de Sá Duarte
38,ADV,Maria Cristina Zucchi
39,MP,Paulo Roberto Grava Brazil
40,C,Luiz Antonio Cerqueira Leite
41,MP,Ricardo José Negrão Nogueira
42,C,Rui Cascaldi
43,C,Luiz Eurico Costa Ferrari
44,C,José Roberto Coutinho de Arruda
45,C,Vicente Antonio Marcondes D Angelo
46,MP,Marcos Antonio de Oliveira Ramos
47,C,João Camillo de Almeida Prado Costa
48,MP,Alberto de Oliveira Andrade Neto
49,ADV,Jayme Queiroz Lopes Filho
50,C,Enio Santarelli Zuliani
51,C,Berenice Marcondes Cesar
52,C,Jovino de Sylos Neto
53,C,Vito José Guglielmi
54,C,Fernando Antonio Maia da Cunha
55,C,Cesar Lacerda
56,C,Carlos Eduardo Cauduro Padin
57,C,José Henrique Arantes Theodoro
58,C,Sebastião Thiago de Siqueira
59,ADV,Ligia Cristina de Araújo Bisogni
60,C,Carlos Eduardo Donegá Morandini
61,C,Artur Cesar Beretta da Silveira
62,C,Gilberto Pinto dos Santos
63,C,Cláudio Antonio Soares Levada
64,MP,Walter Pinto da Fonseca Filho
65,MP,Ana de Lourdes Coutinho Silva da Fonseca
66,C,Virgilio de Oliveira Júnior
67,C,Francisco Occhiuto Júnior
68,ADV,Roberto Nussinkis Mac Cracken
69,C,Paulo Roberto de Santana
70,C,Luiz Augusto de Salles Vieira
71,C,Gil Ernesto Gomes Coelho
72,C,Heraldo de Oliveira Silva
73,C,Adilson de Araújo
74,C,Sérgio Gomes
75,C,Fábio de Oliveira Quadros
76,ADV,Walter Piva Rodrigues
77,ADV,José Carlos Ferreira Alves
78,ADV,Luiz Antonio Silva Costa
79,C,Wellington Maia da Rocha
80,C,José Maria Simões de Vergueiro
81,C,Egidio Jorge Giacoia
82,C,Natan Zelinschi de Arruda
83,C,Manoel Ricardo Rebello Pinho
84,C,Carlos Nunes Neto
85,C,José Percival Albano Nogueira Júnior
86,ADV,Erickson Gavazza Marques
87,C,Eduardo Almeida Prado Rocha de Siqueira
88,C,José Jacob Valente
89,C,Luiz Fernando Salles Rossi
90,ADV,Spencer Almeida Ferreira
91,ADV,Tasso Duarte de Melo
92,C,Teodozio de Souza Lopes
93,C,José Joaquim dos Santos
94,C,Mario Carlos de Oliveira
95,MP,José Luiz Mônaco da Silva
96,C,Gilberto Gomes de Macedo Leme
97,C,Paulo Alcides Amaral Salles
98,C,Edison Vicentini Barroso
99,MP,Sérgio Seiji Shimura
100,C,Silvia Rocha
101,C,James Alberto Siano
102,ADV,Miguel Angelo Brandi Júnior
103,ADV,Hugo Crepaldi Neto
104,C,Pedro Luiz Baccarat da Silva
105,ADV,Sandra Maria Galhardo Esteves
106,C,Luís Fernando Nishi
107,C,Mario Antonio Silveira
108,C,Antonio Benedito do Nascimento
109,C,Galdino Toledo Júnior
110,C,Plinio Novaes de Andrade Júnior
111,C,Fernando Luiz Sastre Redondo
112,C,Flávio Cunha da Silva
113,C,Antonio Carlos Morais Pucci
114,C,Álvaro Augusto dos Passos
115,C,Francisco Giaquinto
116,C,Francisco Eduardo Loureiro
117,C,Claudio Hamilton Barbosa
118,C,Irineu Jorge Fava
119,MP,João Francisco Moreira Viegas
120,C,Sérgio Rui da Fonseca
121,C,Elcio Trujillo
122,C,Miguel Petroni Neto
123,C,Ricardo Pessoa de Mello Belli
124,ADV,Cesar Ciampolini Neto
125,ADV,Pedro de Alcântara da Silva Leme Filho
126,C,Afonso Celso Nogueira Braz
127,C,Renato Rangel Desinano
128,C,José Tarciso Beraldo
129,C,Israel Góes dos Anjos
130,C,Walter Cesar Incontri Exner
131,C,Dácio Tadeu Viviani Nicolau
132,C,Alberto Marino Neto
133,C,Eduardo Sá Pinto Sandeville
134,C,Pedro Yukio Kodama
135,C,João Carlos Sá Moreira de Oliveira
136,C,Christine Santini
137,C,Luiz Beethoven Giffoni Ferreira
138,C,Paulo Pastore Filho
139,C,Luis Mario Galbetti
140,C,Mauro Conti Machado
141,C,Dimas Rubens Fonseca
142,MP,Carlos Alberto de Salles
143,C,Carlos Henrique Abrão
144,C,Antonio Mário de Castro Figliolia
145,C,João Batista Silvério da Silva
146,C,Edgard Silva Rosa
147,C,Alexandre Alves Lazzarini
148,C,Márcio Martins Bonilha Filho
149,C,Henrique Rodriguero Clavisio
150,ADV,Mary Grün
151,C,Caio Marcelo Mendes de Oliveira
152,C,Luiz Antonio Coelho Mendes
153,C,Theodureto de Almeida Camargo Neto
154,C,Fábio Guidi Tabosa Pessoa
155,ADV,Ana Catarina Strauch
156,ADV,Alberto Gosson Jorge Junior
157,ADV,Mauricio Pessoa
158,ADV,Achile Mario Alesina Junior
159,C,Claudia Grieco Tabosa Pessoa
160,C,João Pazine Neto
161,C,Carlos Henrique Miguel Trevisan
162,C,Helio Marques de Faria
163,C,Nelson Jorge Júnior
164,C,Rômolo Russo Júnior
165,C,Maria Lúcia Ribeiro de Castro Pizzotti Mendes
166,C,Daise Fajardo Nogueira Jacot
167,C,Flávio Abramovici
168,C,José Wagner de Oliveira Melatto Peixoto
169,C,Cesar Luiz de Almeida
170,C,Claudio Luiz Bueno de Godoy
171,C,José Roberto Furquim Cabella
172,C,Milton Paulo de Carvalho Filho
173,ADV,José Carlos Costa Netto
174,ADV,Eduardo Azuma Nishi
175,C,Carlos Alberto de Campos Mendes Pereira
176,C,Samuel Francisco Mourão Neto
177,C,Edson Luiz de Queiroz
178,C,Roberto Maia Filho
179,C,Walter Rocha Barone
180,C,Marcelo Fortes Barbosa Filho
181,C,Lucila Toledo Pedroso de Barros
182,C,João Batista Amorim de Vilhena Nunes
183,MP,Jonize Sacchi de Oliveira
184,C,Alcides Leopoldo e Silva Júnior
185,ADV,Luiz Guilherme da Costa Wagner Junior
186,C,Marcos Gozzo
187,C,Ramon Mateo Júnior
188,C,Elói Estevão Troly
